,word,polarity
0,able,2
1,abundance,2
2,abundant,2
3,acclaimed,2
4,accomplish,2
5,accomplished,2
6,accomplishes,2
7,accomplishing,2
8,accomplishment,2
9,accomplishments,2
10,achieve,2
11,achieved,2
12,achievement,2
13,achievements,2
14,achieves,2
15,achieving,2
16,adequately,2
17,advancement,2
18,advancements,2
19,advances,2
20,advancing,2
21,advantage,2
22,advantaged,2
23,advantageous,2
24,advantageously,2
25,advantages,2
26,alliance,2
27,alliances,2
28,assure,2
29,assured,2
30,assures,2
31,assuring,2
32,attain,2
33,attained,2
34,attaining,2
35,attainment,2
36,attainments,2
37,attains,2
38,attractive,2
39,attractiveness,2
40,beautiful,2
41,beautifully,2
42,beneficial,2
43,beneficially,2
44,benefit,2
45,benefited,2
46,benefiting,2
47,benefitted,2
48,benefitting,2
49,best,2
50,better,2
51,bolstered,2
52,bolstering,2
53,bolsters,2
54,boom,2
55,booming,2
56,boost,2
57,boosted,2
58,breakthrough,2
59,breakthroughs,2
60,brilliant,2
61,charitable,2
62,collaborate,2
63,collaborated,2
64,collaborates,2
65,collaborating,2
66,collaboration,2
67,collaborations,2
68,collaborative,2
69,collaborator,2
70,collaborators,2
71,compliment,2
72,complimentary,2
73,complimented,2
74,complimenting,2
75,compliments,2
76,conclusive,2
77,conclusively,2
78,conducive,2
79,confident,2
80,constructive,2
81,constructively,2
82,courteous,2
83,creative,2
84,creatively,2
85,creativeness,2
86,creativity,2
87,delight,2
88,delighted,2
89,delightful,2
90,delightfully,2
91,delighting,2
92,delights,2
93,dependability,2
94,dependable,2
95,desirable,2
96,desired,2
97,despite,2
98,destined,2
99,diligent,2
100,diligently,2
101,distinction,2
102,distinctions,2
103,distinctive,2
104,distinctively,2
105,distinctiveness,2
106,dream,2
107,easier,2
108,easily,2
109,easy,2
110,effective,2
111,efficiencies,2
112,efficiency,2
113,efficient,2
114,efficiently,2
115,empower,2
116,empowered,2
117,empowering,2
118,empowers,2
119,enable,2
120,enabled,2
121,enables,2
122,enabling,2
123,encouraged,2
124,encouragement,2
125,encourages,2
126,encouraging,2
127,enhance,2
128,enhanced,2
129,enhancement,2
130,enhancements,2
131,enhances,2
132,enhancing,2
133,enjoy,2
134,enjoyable,2
135,enjoyably,2
136,enjoyed,2
137,enjoying,2
138,enjoyment,2
139,enjoys,2
140,enthusiasm,2
141,enthusiastic,2
142,enthusiastically,2
143,excellence,2
144,excellent,2
145,excelling,2
146,excels,2
147,exceptional,2
148,exceptionally,2
149,excited,2
150,excitement,2
151,exciting,2
152,exclusive,2
153,exclusively,2
154,exclusiveness,2
155,exclusives,2
156,exclusivity,2
157,exemplary,2
158,fantastic,2
159,favorable,2
160,favorably,2
161,favored,2
162,favoring,2
163,favorite,2
164,favorites,2
165,friendly,2
166,gain,2
167,gained,2
168,gaining,2
169,gains,2
170,good,2
171,great,2
172,greater,2
173,greatest,2
174,greatly,2
175,greatness,2
176,happiest,2
177,happily,2
178,happiness,2
179,happy,2
180,highest,2
181,honor,2
182,honorable,2
183,honored,2
184,honoring,2
185,honors,2
186,ideal,2
187,impress,2
188,impressed,2
189,impresses,2
190,impressing,2
191,impressive,2
192,impressively,2
193,improve,2
194,improved,2
195,improvement,2
196,improvements,2
197,improves,2
198,improving,2
199,incredible,2
200,incredibly,2
201,influential,2
202,informative,2
203,ingenuity,2
204,innovate,2
205,innovated,2
206,innovates,2
207,innovating,2
208,innovation,2
209,innovations,2
210,innovative,2
211,innovativeness,2
212,innovator,2
213,innovators,2
214,insightful,2
215,inspiration,2
216,inspirational,2
217,integrity,2
218,invent,2
219,invented,2
220,inventing,2
221,invention,2
222,inventions,2
223,inventive,2
224,inventiveness,2
225,inventor,2
226,inventors,2
227,leadership,2
228,leading,2
229,loyal,2
230,lucrative,2
231,meritorious,2
232,opportunities,2
233,opportunity,2
234,optimistic,2
235,outperform,2
236,outperformed,2
237,outperforming,2
238,outperforms,2
239,perfect,2
240,perfected,2
241,perfectly,2
242,perfects,2
243,pleasant,2
244,pleasantly,2
245,pleased,2
246,pleasure,2
247,plentiful,2
248,popular,2
249,popularity,2
250,positive,2
251,positively,2
252,preeminence,2
253,preeminent,2
254,premier,2
255,premiere,2
256,prestige,2
257,prestigious,2
258,proactive,2
259,proactively,2
260,proficiency,2
261,proficient,2
262,proficiently,2
263,profitability,2
264,profitable,2
265,profitably,2
266,progress,2
267,progressed,2
268,progresses,2
269,progressing,2
270,prospered,2
271,prospering,2
272,prosperity,2
273,prosperous,2
274,prospers,2
275,rebound,2
276,rebounded,2
277,rebounding,2
278,receptive,2
279,regain,2
280,regained,2
281,regaining,2
282,resolve,2
283,revolutionize,2
284,revolutionized,2
285,revolutionizes,2
286,revolutionizing,2
287,reward,2
288,rewarded,2
289,rewarding,2
290,rewards,2
291,satisfaction,2
292,satisfactorily,2
293,satisfactory,2
294,satisfied,2
295,satisfies,2
296,satisfy,2
297,satisfying,2
298,smooth,2
299,smoothing,2
300,smoothly,2
301,smooths,2
302,solves,2
303,solving,2
304,spectacular,2
305,spectacularly,2
306,stability,2
307,stabilization,2
308,stabilizations,2
309,stabilize,2
310,stabilized,2
311,stabilizes,2
312,stabilizing,2
313,stable,2
314,strength,2
315,strengthen,2
316,strengthened,2
317,strengthening,2
318,strengthens,2
319,strengths,2
320,strong,2
321,stronger,2
322,strongest,2
323,succeed,2
324,succeeded,2
325,succeeding,2
326,succeeds,2
327,success,2
328,successes,2
329,successful,2
330,successfully,2
331,superior,2
332,surpass,2
333,surpassed,2
334,surpasses,2
335,surpassing,2
336,transparency,2
337,tremendous,2
338,tremendously,2
339,unmatched,2
340,unparalleled,2
341,unsurpassed,2
342,upturn,2
343,upturns,2
344,valuable,2
345,versatile,2
346,versatility,2
347,vibrancy,2
348,vibrant,2
349,win,2
350,winner,2
351,winners,2
352,winning,2
353,worthy,2
0,abandon,-2
1,abandoned,-2
2,abandoning,-2
3,abandonment,-2
4,abandonments,-2
5,abandons,-2
6,abdicated,-2
7,abdicates,-2
8,abdicating,-2
9,abdication,-2
10,abdications,-2
11,aberrant,-2
12,aberration,-2
13,aberrational,-2
14,aberrations,-2
15,abetting,-2
16,abnormal,-2
17,abnormalities,-2
18,abnormality,-2
19,abnormally,-2
20,abolish,-2
21,abolished,-2
22,abolishes,-2
23,abolishing,-2
24,abrogate,-2
25,abrogated,-2
26,abrogates,-2
27,abrogating,-2
28,abrogation,-2
29,abrogations,-2
30,abrupt,-2
31,abruptly,-2
32,abruptness,-2
33,absence,-2
34,absences,-2
35,absenteeism,-2
36,abuse,-2
37,abused,-2
38,abuses,-2
39,abusing,-2
40,abusive,-2
41,abusively,-2
42,abusiveness,-2
43,accident,-2
44,accidental,-2
45,accidentally,-2
46,accidents,-2
47,accusation,-2
48,accusations,-2
49,accuse,-2
50,accused,-2
51,accuses,-2
52,accusing,-2
53,acquiesce,-2
54,acquiesced,-2
55,acquiesces,-2
56,acquiescing,-2
57,acquit,-2
58,acquits,-2
59,acquittal,-2
60,acquittals,-2
61,acquitted,-2
62,acquitting,-2
63,adulterate,-2
64,adulterated,-2
65,adulterating,-2
66,adulteration,-2
67,adulterations,-2
68,adversarial,-2
69,adversaries,-2
70,adversary,-2
71,adverse,-2
72,adversely,-2
73,adversities,-2
74,adversity,-2
75,aftermath,-2
76,aftermaths,-2
77,against,-2
78,aggravate,-2
79,aggravated,-2
80,aggravates,-2
81,aggravating,-2
82,aggravation,-2
83,aggravations,-2
84,alerted,-2
85,alerting,-2
86,alienate,-2
87,alienated,-2
88,alienates,-2
89,alienating,-2
90,alienation,-2
91,alienations,-2
92,allegation,-2
93,allegations,-2
94,allege,-2
95,alleged,-2
96,allegedly,-2
97,alleges,-2
98,alleging,-2
99,annoy,-2
100,annoyance,-2
101,annoyances,-2
102,annoyed,-2
103,annoying,-2
104,annoys,-2
105,annul,-2
106,annulled,-2
107,annulling,-2
108,annulment,-2
109,annulments,-2
110,annuls,-2
111,anomalies,-2
112,anomalous,-2
113,anomalously,-2
114,anomaly,-2
115,anticompetitive,-2
116,antitrust,-2
117,argue,-2
118,argued,-2
119,arguing,-2
120,argument,-2
121,argumentative,-2
122,arguments,-2
123,arrearage,-2
124,arrearages,-2
125,arrears,-2
126,arrest,-2
127,arrested,-2
128,arrests,-2
129,artificially,-2
130,assault,-2
131,assaulted,-2
132,assaulting,-2
133,assaults,-2
134,assertions,-2
135,attrition,-2
136,aversely,-2
137,backdating,-2
138,bad,-2
139,bail,-2
140,bailout,-2
141,balk,-2
142,balked,-2
143,bankrupt,-2
144,bankruptcies,-2
145,bankruptcy,-2
146,bankrupted,-2
147,bankrupting,-2
148,bankrupts,-2
149,bans,-2
150,barred,-2
151,barrier,-2
152,barriers,-2
153,bottleneck,-2
154,bottlenecks,-2
155,boycott,-2
156,boycotted,-2
157,boycotting,-2
158,boycotts,-2
159,breach,-2
160,breached,-2
161,breaches,-2
162,breaching,-2
163,break,-2
164,breakage,-2
165,breakages,-2
166,breakdown,-2
167,breakdowns,-2
168,breaking,-2
169,breaks,-2
170,bribe,-2
171,bribed,-2
172,briberies,-2
173,bribery,-2
174,bribes,-2
175,bribing,-2
176,bridge,-2
177,broken,-2
178,burden,-2
179,burdened,-2
180,burdening,-2
181,burdens,-2
182,burdensome,-2
183,burned,-2
184,calamities,-2
185,calamitous,-2
186,calamity,-2
187,cancel,-2
188,canceled,-2
189,canceling,-2
190,cancellation,-2
191,cancellations,-2
192,cancelled,-2
193,cancelling,-2
194,cancels,-2
195,careless,-2
196,carelessly,-2
197,carelessness,-2
198,catastrophe,-2
199,catastrophes,-2
200,catastrophic,-2
201,catastrophically,-2
202,caution,-2
203,cautionary,-2
204,cautioned,-2
205,cautioning,-2
206,cautions,-2
207,cease,-2
208,ceased,-2
209,ceases,-2
210,ceasing,-2
211,censure,-2
212,censured,-2
213,censures,-2
214,censuring,-2
215,challenge,-2
216,challenged,-2
217,challenges,-2
218,challenging,-2
219,chargeoffs,-2
220,circumvent,-2
221,circumvented,-2
222,circumventing,-2
223,circumvention,-2
224,circumventions,-2
225,circumvents,-2
226,claiming,-2
227,claims,-2
228,clawback,-2
229,closed,-2
230,closeout,-2
231,closeouts,-2
232,closing,-2
233,closings,-2
234,closure,-2
235,closures,-2
236,coerce,-2
237,coerced,-2
238,coerces,-2
239,coercing,-2
240,coercion,-2
241,coercive,-2
242,collapse,-2
243,collapsed,-2
244,collapses,-2
245,collapsing,-2
246,collision,-2
247,collisions,-2
248,collude,-2
249,colluded,-2
250,colludes,-2
251,colluding,-2
252,collusion,-2
253,collusions,-2
254,collusive,-2
255,complain,-2
256,complained,-2
257,complaining,-2
258,complains,-2
259,complaint,-2
260,complaints,-2
261,complicate,-2
262,complicated,-2
263,complicates,-2
264,complicating,-2
265,complication,-2
266,complications,-2
267,compulsion,-2
268,concealed,-2
269,concealing,-2
270,concede,-2
271,conceded,-2
272,concedes,-2
273,conceding,-2
274,concern,-2
275,concerned,-2
276,concerns,-2
277,conciliating,-2
278,conciliation,-2
279,conciliations,-2
280,condemn,-2
281,condemnation,-2
282,condemnations,-2
283,condemned,-2
284,condemning,-2
285,condemns,-2
286,condone,-2
287,condoned,-2
288,confess,-2
289,confessed,-2
290,confesses,-2
291,confessing,-2
292,confession,-2
293,confine,-2
294,confined,-2
295,confinement,-2
296,confinements,-2
297,confines,-2
298,confining,-2
299,confiscate,-2
300,confiscated,-2
301,confiscates,-2
302,confiscating,-2
303,confiscation,-2
304,confiscations,-2
305,conflict,-2
306,conflicted,-2
307,conflicting,-2
308,conflicts,-2
309,confront,-2
310,confrontation,-2
311,confrontational,-2
312,confrontations,-2
313,confronted,-2
314,confronting,-2
315,confronts,-2
316,confuse,-2
317,confused,-2
318,confuses,-2
319,confusing,-2
320,confusingly,-2
321,confusion,-2
322,conspiracies,-2
323,conspiracy,-2
324,conspirator,-2
325,conspiratorial,-2
326,conspirators,-2
327,conspire,-2
328,conspired,-2
329,conspires,-2
330,conspiring,-2
331,contempt,-2
332,contend,-2
333,contended,-2
334,contending,-2
335,contends,-2
336,contention,-2
337,contentions,-2
338,contentious,-2
339,contentiously,-2
340,contested,-2
341,contesting,-2
342,contraction,-2
343,contractions,-2
344,contradict,-2
345,contradicted,-2
346,contradicting,-2
347,contradiction,-2
348,contradictions,-2
349,contradictory,-2
350,contradicts,-2
351,contrary,-2
352,controversial,-2
353,controversies,-2
354,controversy,-2
355,convict,-2
356,convicted,-2
357,convicting,-2
358,conviction,-2
359,convictions,-2
360,corrected,-2
361,correcting,-2
362,correction,-2
363,corrections,-2
364,corrects,-2
365,corrupt,-2
366,corrupted,-2
367,corrupting,-2
368,corruption,-2
369,corruptions,-2
370,corruptly,-2
371,corruptness,-2
372,costly,-2
373,counterclaim,-2
374,counterclaimed,-2
375,counterclaiming,-2
376,counterclaims,-2
377,counterfeit,-2
378,counterfeited,-2
379,counterfeiter,-2
380,counterfeiters,-2
381,counterfeiting,-2
382,counterfeits,-2
383,countermeasure,-2
384,countermeasures,-2
385,crime,-2
386,crimes,-2
387,criminal,-2
388,criminally,-2
389,criminals,-2
390,crises,-2
391,crisis,-2
392,critical,-2
393,critically,-2
394,criticism,-2
395,criticisms,-2
396,criticize,-2
397,criticized,-2
398,criticizes,-2
399,criticizing,-2
400,crucial,-2
401,crucially,-2
402,culpability,-2
403,culpable,-2
404,culpably,-2
405,cumbersome,-2
406,curtail,-2
407,curtailed,-2
408,curtailing,-2
409,curtailment,-2
410,curtailments,-2
411,curtails,-2
412,cut,-2
413,cutback,-2
414,cutbacks,-2
415,cyberattack,-2
416,cyberattacks,-2
417,cyberbullying,-2
418,cybercrime,-2
419,cybercrimes,-2
420,cybercriminal,-2
421,cybercriminals,-2
422,damage,-2
423,damaged,-2
424,damages,-2
425,damaging,-2
426,dampen,-2
427,dampened,-2
428,danger,-2
429,dangerous,-2
430,dangerously,-2
431,dangers,-2
432,deadlock,-2
433,deadlocked,-2
434,deadlocking,-2
435,deadlocks,-2
436,deadweight,-2
437,deadweights,-2
438,debarment,-2
439,debarments,-2
440,debarred,-2
441,deceased,-2
442,deceit,-2
443,deceitful,-2
444,deceitfulness,-2
445,deceive,-2
446,deceived,-2
447,deceives,-2
448,deceiving,-2
449,deception,-2
450,deceptions,-2
451,deceptive,-2
452,deceptively,-2
453,decline,-2
454,declined,-2
455,declines,-2
456,declining,-2
457,deface,-2
458,defaced,-2
459,defacement,-2
460,defamation,-2
461,defamations,-2
462,defamatory,-2
463,defame,-2
464,defamed,-2
465,defames,-2
466,defaming,-2
467,default,-2
468,defaulted,-2
469,defaulting,-2
470,defaults,-2
471,defeat,-2
472,defeated,-2
473,defeating,-2
474,defeats,-2
475,defect,-2
476,defective,-2
477,defects,-2
478,defend,-2
479,defendant,-2
480,defendants,-2
481,defended,-2
482,defending,-2
483,defends,-2
484,defensive,-2
485,defer,-2
486,deficiencies,-2
487,deficiency,-2
488,deficient,-2
489,deficit,-2
490,deficits,-2
491,defraud,-2
492,defrauded,-2
493,defrauding,-2
494,defrauds,-2
495,defunct,-2
496,degradation,-2
497,degradations,-2
498,degrade,-2
499,degraded,-2
500,degrades,-2
501,degrading,-2
502,delay,-2
503,delayed,-2
504,delaying,-2
505,delays,-2
506,deleterious,-2
507,deliberate,-2
508,deliberated,-2
509,deliberately,-2
510,delinquencies,-2
511,delinquency,-2
512,delinquent,-2
513,delinquently,-2
514,delinquents,-2
515,delist,-2
516,delisted,-2
517,delisting,-2
518,delists,-2
519,demise,-2
520,demised,-2
521,demises,-2
522,demising,-2
523,demolish,-2
524,demolished,-2
525,demolishes,-2
526,demolishing,-2
527,demolition,-2
528,demolitions,-2
529,demote,-2
530,demoted,-2
531,demotes,-2
532,demoting,-2
533,demotion,-2
534,demotions,-2
535,denial,-2
536,denials,-2
537,denied,-2
538,denies,-2
539,denigrate,-2
540,denigrated,-2
541,denigrates,-2
542,denigrating,-2
543,denigration,-2
544,deny,-2
545,denying,-2
546,deplete,-2
547,depleted,-2
548,depletes,-2
549,depleting,-2
550,depletion,-2
551,depletions,-2
552,deprecation,-2
553,depress,-2
554,depressed,-2
555,depresses,-2
556,depressing,-2
557,deprivation,-2
558,deprive,-2
559,deprived,-2
560,deprives,-2
561,depriving,-2
562,derelict,-2
563,dereliction,-2
564,derogatory,-2
565,destabilization,-2
566,destabilize,-2
567,destabilized,-2
568,destabilizing,-2
569,destroy,-2
570,destroyed,-2
571,destroying,-2
572,destroys,-2
573,destruction,-2
574,destructive,-2
575,detain,-2
576,detained,-2
577,detention,-2
578,detentions,-2
579,deter,-2
580,deteriorate,-2
581,deteriorated,-2
582,deteriorates,-2
583,deteriorating,-2
584,deterioration,-2
585,deteriorations,-2
586,deterred,-2
587,deterrence,-2
588,deterrences,-2
589,deterrent,-2
590,deterrents,-2
591,deterring,-2
592,deters,-2
593,detract,-2
594,detracted,-2
595,detracting,-2
596,detriment,-2
597,detrimental,-2
598,detrimentally,-2
599,detriments,-2
600,devalue,-2
601,devalued,-2
602,devalues,-2
603,devaluing,-2
604,devastate,-2
605,devastated,-2
606,devastating,-2
607,devastation,-2
608,deviate,-2
609,deviated,-2
610,deviates,-2
611,deviating,-2
612,deviation,-2
613,deviations,-2
614,devolve,-2
615,devolved,-2
616,devolves,-2
617,devolving,-2
618,difficult,-2
619,difficulties,-2
620,difficultly,-2
621,difficulty,-2
622,diminish,-2
623,diminished,-2
624,diminishes,-2
625,diminishing,-2
626,diminution,-2
627,disadvantage,-2
628,disadvantaged,-2
629,disadvantageous,-2
630,disadvantages,-2
631,disaffiliation,-2
632,disagree,-2
633,disagreeable,-2
634,disagreed,-2
635,disagreeing,-2
636,disagreement,-2
637,disagreements,-2
638,disagrees,-2
639,disallow,-2
640,disallowance,-2
641,disallowances,-2
642,disallowed,-2
643,disallowing,-2
644,disallows,-2
645,disappear,-2
646,disappearance,-2
647,disappearances,-2
648,disappeared,-2
649,disappearing,-2
650,disappears,-2
651,disappoint,-2
652,disappointed,-2
653,disappointing,-2
654,disappointingly,-2
655,disappointment,-2
656,disappointments,-2
657,disappoints,-2
658,disapproval,-2
659,disapprovals,-2
660,disapprove,-2
661,disapproved,-2
662,disapproves,-2
663,disapproving,-2
664,disassociates,-2
665,disassociating,-2
666,disassociation,-2
667,disassociations,-2
668,disaster,-2
669,disasters,-2
670,disastrous,-2
671,disastrously,-2
672,disavow,-2
673,disavowal,-2
674,disavowed,-2
675,disavowing,-2
676,disavows,-2
677,disciplinary,-2
678,disclaim,-2
679,disclaimed,-2
680,disclaimer,-2
681,disclaimers,-2
682,disclaiming,-2
683,disclaims,-2
684,disclose,-2
685,disclosed,-2
686,discloses,-2
687,disclosing,-2
688,discontinuance,-2
689,discontinuances,-2
690,discontinuation,-2
691,discontinuations,-2
692,discontinue,-2
693,discontinued,-2
694,discontinues,-2
695,discontinuing,-2
696,discourage,-2
697,discouraged,-2
698,discourages,-2
699,discouraging,-2
700,discredit,-2
701,discredited,-2
702,discrediting,-2
703,discredits,-2
704,discrepancies,-2
705,discrepancy,-2
706,disfavor,-2
707,disfavored,-2
708,disfavoring,-2
709,disfavors,-2
710,disgorge,-2
711,disgorged,-2
712,disgorgement,-2
713,disgorgements,-2
714,disgorges,-2
715,disgorging,-2
716,disgrace,-2
717,disgraceful,-2
718,disgracefully,-2
719,dishonest,-2
720,dishonestly,-2
721,dishonesty,-2
722,dishonor,-2
723,dishonorable,-2
724,dishonorably,-2
725,dishonored,-2
726,dishonoring,-2
727,dishonors,-2
728,disincentives,-2
729,disinterested,-2
730,disinterestedly,-2
731,disinterestedness,-2
732,disloyal,-2
733,disloyally,-2
734,disloyalty,-2
735,dismal,-2
736,dismally,-2
737,dismiss,-2
738,dismissal,-2
739,dismissals,-2
740,dismissed,-2
741,dismisses,-2
742,dismissing,-2
743,disorderly,-2
744,disparage,-2
745,disparaged,-2
746,disparagement,-2
747,disparagements,-2
748,disparages,-2
749,disparaging,-2
750,disparagingly,-2
751,disparities,-2
752,disparity,-2
753,displace,-2
754,displaced,-2
755,displacement,-2
756,displacements,-2
757,displaces,-2
758,displacing,-2
759,dispose,-2
760,dispossess,-2
761,dispossessed,-2
762,dispossesses,-2
763,dispossessing,-2
764,disproportion,-2
765,disproportional,-2
766,disproportionate,-2
767,disproportionately,-2
768,dispute,-2
769,disputed,-2
770,disputes,-2
771,disputing,-2
772,disqualification,-2
773,disqualifications,-2
774,disqualified,-2
775,disqualifies,-2
776,disqualify,-2
777,disqualifying,-2
778,disregard,-2
779,disregarded,-2
780,disregarding,-2
781,disregards,-2
782,disreputable,-2
783,disrepute,-2
784,disrupt,-2
785,disrupted,-2
786,disrupting,-2
787,disruption,-2
788,disruptions,-2
789,disruptive,-2
790,disrupts,-2
791,dissatisfaction,-2
792,dissatisfied,-2
793,dissent,-2
794,dissented,-2
795,dissenter,-2
796,dissenters,-2
797,dissenting,-2
798,dissents,-2
799,dissident,-2
800,dissidents,-2
801,dissolution,-2
802,dissolutions,-2
803,distort,-2
804,distorted,-2
805,distorting,-2
806,distortion,-2
807,distortions,-2
808,distorts,-2
809,distract,-2
810,distracted,-2
811,distracting,-2
812,distraction,-2
813,distractions,-2
814,distracts,-2
815,distress,-2
816,distressed,-2
817,disturb,-2
818,disturbance,-2
819,disturbances,-2
820,disturbed,-2
821,disturbing,-2
822,disturbs,-2
823,diversion,-2
824,divert,-2
825,diverted,-2
826,diverting,-2
827,diverts,-2
828,divest,-2
829,divested,-2
830,divesting,-2
831,divestiture,-2
832,divestitures,-2
833,divestment,-2
834,divestments,-2
835,divests,-2
836,divorce,-2
837,divorced,-2
838,divulge,-2
839,divulged,-2
840,divulges,-2
841,divulging,-2
842,doubt,-2
843,doubted,-2
844,doubtful,-2
845,doubts,-2
846,downgrade,-2
847,downgraded,-2
848,downgrades,-2
849,downgrading,-2
850,downsize,-2
851,downsized,-2
852,downsizes,-2
853,downsizing,-2
854,downsizings,-2
855,downtime,-2
856,downtimes,-2
857,downturn,-2
858,downturns,-2
859,downward,-2
860,downwards,-2
861,drag,-2
862,drastic,-2
863,drastically,-2
864,drawback,-2
865,drawbacks,-2
866,dropped,-2
867,drought,-2
868,droughts,-2
869,duress,-2
870,dysfunction,-2
871,dysfunctional,-2
872,dysfunctions,-2
873,easing,-2
874,egregious,-2
875,egregiously,-2
876,embargo,-2
877,embargoed,-2
878,embargoes,-2
879,embargoing,-2
880,embarrass,-2
881,embarrassed,-2
882,embarrasses,-2
883,embarrassing,-2
884,embarrassment,-2
885,embarrassments,-2
886,embezzle,-2
887,embezzled,-2
888,embezzlement,-2
889,embezzlements,-2
890,embezzler,-2
891,embezzles,-2
892,embezzling,-2
893,encroach,-2
894,encroached,-2
895,encroaches,-2
896,encroaching,-2
897,encroachment,-2
898,encroachments,-2
899,encumber,-2
900,encumbered,-2
901,encumbering,-2
902,encumbers,-2
903,encumbrance,-2
904,encumbrances,-2
905,endanger,-2
906,endangered,-2
907,endangering,-2
908,endangerment,-2
909,endangers,-2
910,enjoin,-2
911,enjoined,-2
912,enjoining,-2
913,enjoins,-2
914,erode,-2
915,eroded,-2
916,erodes,-2
917,eroding,-2
918,erosion,-2
919,erratic,-2
920,erratically,-2
921,erred,-2
922,erring,-2
923,erroneous,-2
924,erroneously,-2
925,error,-2
926,errors,-2
927,errs,-2
928,escalate,-2
929,escalated,-2
930,escalates,-2
931,escalating,-2
932,evade,-2
933,evaded,-2
934,evades,-2
935,evading,-2
936,evasion,-2
937,evasions,-2
938,evasive,-2
939,evict,-2
940,evicted,-2
941,evicting,-2
942,eviction,-2
943,evictions,-2
944,evicts,-2
945,exacerbate,-2
946,exacerbated,-2
947,exacerbates,-2
948,exacerbating,-2
949,exacerbation,-2
950,exacerbations,-2
951,exaggerate,-2
952,exaggerated,-2
953,exaggerates,-2
954,exaggerating,-2
955,exaggeration,-2
956,excessive,-2
957,excessively,-2
958,exculpate,-2
959,exculpated,-2
960,exculpates,-2
961,exculpating,-2
962,exculpation,-2
963,exculpations,-2
964,exculpatory,-2
965,exonerate,-2
966,exonerated,-2
967,exonerates,-2
968,exonerating,-2
969,exoneration,-2
970,exonerations,-2
971,exploit,-2
972,exploitation,-2
973,exploitations,-2
974,exploitative,-2
975,exploited,-2
976,exploiting,-2
977,exploits,-2
978,expose,-2
979,exposed,-2
980,exposes,-2
981,exposing,-2
982,expropriate,-2
983,expropriated,-2
984,expropriates,-2
985,expropriating,-2
986,expropriation,-2
987,expropriations,-2
988,expulsion,-2
989,expulsions,-2
990,extenuating,-2
991,fail,-2
992,failed,-2
993,failing,-2
994,failings,-2
995,fails,-2
996,failure,-2
997,failures,-2
998,fallout,-2
999,false,-2
1000,falsely,-2
1001,falsification,-2
1002,falsifications,-2
1003,falsified,-2
1004,falsifies,-2
1005,falsify,-2
1006,falsifying,-2
1007,falsity,-2
1008,fatalities,-2
1009,fatality,-2
1010,fatally,-2
1011,fault,-2
1012,faulted,-2
1013,faults,-2
1014,faulty,-2
1015,fear,-2
1016,fears,-2
1017,felonies,-2
1018,felonious,-2
1019,felony,-2
1020,fictitious,-2
1021,fined,-2
1022,fines,-2
1023,fired,-2
1024,firing,-2
1025,flaw,-2
1026,flawed,-2
1027,flaws,-2
1028,forbid,-2
1029,forbidden,-2
1030,forbidding,-2
1031,forbids,-2
1032,force,-2
1033,forced,-2
1034,forcing,-2
1035,foreclose,-2
1036,foreclosed,-2
1037,forecloses,-2
1038,foreclosing,-2
1039,foreclosure,-2
1040,foreclosures,-2
1041,forego,-2
1042,foregoes,-2
1043,foregone,-2
1044,forestall,-2
1045,forestalled,-2
1046,forestalling,-2
1047,forestalls,-2
1048,forfeit,-2
1049,forfeited,-2
1050,forfeiting,-2
1051,forfeits,-2
1052,forfeiture,-2
1053,forfeitures,-2
1054,forgers,-2
1055,forgery,-2
1056,fraud,-2
1057,frauds,-2
1058,fraudulence,-2
1059,fraudulent,-2
1060,fraudulently,-2
1061,frivolous,-2
1062,frivolously,-2
1063,frustrate,-2
1064,frustrated,-2
1065,frustrates,-2
1066,frustrating,-2
1067,frustratingly,-2
1068,frustration,-2
1069,frustrations,-2
1070,fugitive,-2
1071,fugitives,-2
1072,gratuitous,-2
1073,gratuitously,-2
1074,grievance,-2
1075,grievances,-2
1076,grossly,-2
1077,groundless,-2
1078,guilty,-2
1079,halt,-2
1080,halted,-2
1081,hamper,-2
1082,hampered,-2
1083,hampering,-2
1084,hampers,-2
1085,harass,-2
1086,harassed,-2
1087,harassing,-2
1088,harassment,-2
1089,hardship,-2
1090,hardships,-2
1091,harm,-2
1092,harmed,-2
1093,harmful,-2
1094,harmfully,-2
1095,harming,-2
1096,harms,-2
1097,harsh,-2
1098,harsher,-2
1099,harshest,-2
1100,harshly,-2
1101,harshness,-2
1102,hazard,-2
1103,hazardous,-2
1104,hazards,-2
1105,hinder,-2
1106,hindered,-2
1107,hindering,-2
1108,hinders,-2
1109,hindrance,-2
1110,hindrances,-2
1111,hostile,-2
1112,hostility,-2
1113,hurt,-2
1114,hurting,-2
1115,idle,-2
1116,idled,-2
1117,idling,-2
1118,ignore,-2
1119,ignored,-2
1120,ignores,-2
1121,ignoring,-2
1122,ill,-2
1123,illegal,-2
1124,illegalities,-2
1125,illegality,-2
1126,illegally,-2
1127,illegible,-2
1128,illicit,-2
1129,illicitly,-2
1130,illiquid,-2
1131,illiquidity,-2
1132,imbalance,-2
1133,imbalances,-2
1134,immature,-2
1135,immoral,-2
1136,impair,-2
1137,impaired,-2
1138,impairing,-2
1139,impairment,-2
1140,impairments,-2
1141,impairs,-2
1142,impasse,-2
1143,impasses,-2
1144,impede,-2
1145,impeded,-2
1146,impedes,-2
1147,impediment,-2
1148,impediments,-2
1149,impeding,-2
1150,impending,-2
1151,imperative,-2
1152,imperfection,-2
1153,imperfections,-2
1154,imperil,-2
1155,impermissible,-2
1156,implicate,-2
1157,implicated,-2
1158,implicates,-2
1159,implicating,-2
1160,impossibility,-2
1161,impossible,-2
1162,impound,-2
1163,impounded,-2
1164,impounding,-2
1165,impounds,-2
1166,impracticable,-2
1167,impractical,-2
1168,impracticalities,-2
1169,impracticality,-2
1170,imprisonment,-2
1171,improper,-2
1172,improperly,-2
1173,improprieties,-2
1174,impropriety,-2
1175,imprudent,-2
1176,imprudently,-2
1177,inability,-2
1178,inaccessible,-2
1179,inaccuracies,-2
1180,inaccuracy,-2
1181,inaccurate,-2
1182,inaccurately,-2
1183,inaction,-2
1184,inactions,-2
1185,inactivate,-2
1186,inactivated,-2
1187,inactivates,-2
1188,inactivating,-2
1189,inactivation,-2
1190,inactivations,-2
1191,inactivity,-2
1192,inadequacies,-2
1193,inadequacy,-2
1194,inadequate,-2
1195,inadequately,-2
1196,inadvertent,-2
1197,inadvertently,-2
1198,inadvisability,-2
1199,inadvisable,-2
1200,inappropriate,-2
1201,inappropriately,-2
1202,inattention,-2
1203,incapable,-2
1204,incapacitated,-2
1205,incapacity,-2
1206,incarcerate,-2
1207,incarcerated,-2
1208,incarcerates,-2
1209,incarcerating,-2
1210,incarceration,-2
1211,incarcerations,-2
1212,incidence,-2
1213,incidences,-2
1214,incident,-2
1215,incidents,-2
1216,incompatibilities,-2
1217,incompatibility,-2
1218,incompatible,-2
1219,incompetence,-2
1220,incompetency,-2
1221,incompetent,-2
1222,incompetently,-2
1223,incompetents,-2
1224,incomplete,-2
1225,incompletely,-2
1226,incompleteness,-2
1227,inconclusive,-2
1228,inconsistencies,-2
1229,inconsistency,-2
1230,inconsistent,-2
1231,inconsistently,-2
1232,inconvenience,-2
1233,inconveniences,-2
1234,inconvenient,-2
1235,incorrect,-2
1236,incorrectly,-2
1237,incorrectness,-2
1238,indecency,-2
1239,indecent,-2
1240,indefeasible,-2
1241,indefeasibly,-2
1242,indict,-2
1243,indictable,-2
1244,indicted,-2
1245,indicting,-2
1246,indictment,-2
1247,indictments,-2
1248,ineffective,-2
1249,ineffectively,-2
1250,ineffectiveness,-2
1251,inefficiencies,-2
1252,inefficiency,-2
1253,inefficient,-2
1254,inefficiently,-2
1255,ineligibility,-2
1256,ineligible,-2
1257,inequitable,-2
1258,inequitably,-2
1259,inequities,-2
1260,inequity,-2
1261,inevitable,-2
1262,inexperience,-2
1263,inexperienced,-2
1264,inferior,-2
1265,inflicted,-2
1266,infraction,-2
1267,infractions,-2
1268,infringe,-2
1269,infringed,-2
1270,infringement,-2
1271,infringements,-2
1272,infringes,-2
1273,infringing,-2
1274,inhibited,-2
1275,inimical,-2
1276,injunction,-2
1277,injunctions,-2
1278,injure,-2
1279,injured,-2
1280,injures,-2
1281,injuries,-2
1282,injuring,-2
1283,injurious,-2
1284,injury,-2
1285,inordinate,-2
1286,inordinately,-2
1287,inquiry,-2
1288,insecure,-2
1289,insensitive,-2
1290,insolvencies,-2
1291,insolvency,-2
1292,insolvent,-2
1293,instability,-2
1294,insubordination,-2
1295,insufficiency,-2
1296,insufficient,-2
1297,insufficiently,-2
1298,insurrection,-2
1299,insurrections,-2
1300,intentional,-2
1301,interfere,-2
1302,interfered,-2
1303,interference,-2
1304,interferences,-2
1305,interferes,-2
1306,interfering,-2
1307,intermittent,-2
1308,intermittently,-2
1309,interrupt,-2
1310,interrupted,-2
1311,interrupting,-2
1312,interruption,-2
1313,interruptions,-2
1314,interrupts,-2
1315,intimidation,-2
1316,intrusion,-2
1317,invalid,-2
1318,invalidate,-2
1319,invalidated,-2
1320,invalidates,-2
1321,invalidating,-2
1322,invalidation,-2
1323,invalidity,-2
1324,investigate,-2
1325,investigated,-2
1326,investigates,-2
1327,investigating,-2
1328,investigation,-2
1329,investigations,-2
1330,involuntarily,-2
1331,involuntary,-2
1332,irreconcilable,-2
1333,irreconcilably,-2
1334,irrecoverable,-2
1335,irrecoverably,-2
1336,irregular,-2
1337,irregularities,-2
1338,irregularity,-2
1339,irregularly,-2
1340,irreparable,-2
1341,irreparably,-2
1342,irreversible,-2
1343,jeopardize,-2
1344,jeopardized,-2
1345,justifiable,-2
1346,kickback,-2
1347,kickbacks,-2
1348,knowingly,-2
1349,lack,-2
1350,lacked,-2
1351,lacking,-2
1352,lackluster,-2
1353,lacks,-2
1354,lag,-2
1355,lagged,-2
1356,lagging,-2
1357,lags,-2
1358,lapse,-2
1359,lapsed,-2
1360,lapses,-2
1361,lapsing,-2
1362,late,-2
1363,laundering,-2
1364,layoff,-2
1365,layoffs,-2
1366,lie,-2
1367,limitation,-2
1368,limitations,-2
1369,lingering,-2
1370,liquidate,-2
1371,liquidated,-2
1372,liquidates,-2
1373,liquidating,-2
1374,liquidation,-2
1375,liquidations,-2
1376,liquidator,-2
1377,liquidators,-2
1378,litigant,-2
1379,litigants,-2
1380,litigate,-2
1381,litigated,-2
1382,litigates,-2
1383,litigating,-2
1384,litigation,-2
1385,litigations,-2
1386,lockout,-2
1387,lockouts,-2
1388,lose,-2
1389,loses,-2
1390,losing,-2
1391,loss,-2
1392,losses,-2
1393,lost,-2
1394,lying,-2
1395,malfeasance,-2
1396,malfunction,-2
1397,malfunctioned,-2
1398,malfunctioning,-2
1399,malfunctions,-2
1400,malice,-2
1401,malicious,-2
1402,maliciously,-2
1403,malpractice,-2
1404,manipulate,-2
1405,manipulated,-2
1406,manipulates,-2
1407,manipulating,-2
1408,manipulation,-2
1409,manipulations,-2
1410,manipulative,-2
1411,markdown,-2
1412,markdowns,-2
1413,misapplication,-2
1414,misapplications,-2
1415,misapplied,-2
1416,misapplies,-2
1417,misapply,-2
1418,misapplying,-2
1419,misappropriate,-2
1420,misappropriated,-2
1421,misappropriates,-2
1422,misappropriating,-2
1423,misappropriation,-2
1424,misappropriations,-2
1425,misbranded,-2
1426,miscalculate,-2
1427,miscalculated,-2
1428,miscalculates,-2
1429,miscalculating,-2
1430,miscalculation,-2
1431,miscalculations,-2
1432,mischaracterization,-2
1433,mischief,-2
1434,misclassification,-2
1435,misclassifications,-2
1436,misclassified,-2
1437,misclassify,-2
1438,miscommunication,-2
1439,misconduct,-2
1440,misdated,-2
1441,misdemeanor,-2
1442,misdemeanors,-2
1443,misdirected,-2
1444,mishandle,-2
1445,mishandled,-2
1446,mishandles,-2
1447,mishandling,-2
1448,misinform,-2
1449,misinformation,-2
1450,misinformed,-2
1451,misinforming,-2
1452,misinforms,-2
1453,misinterpret,-2
1454,misinterpretation,-2
1455,misinterpretations,-2
1456,misinterpreted,-2
1457,misinterpreting,-2
1458,misinterprets,-2
1459,misjudge,-2
1460,misjudged,-2
1461,misjudges,-2
1462,misjudging,-2
1463,misjudgment,-2
1464,misjudgments,-2
1465,mislabel,-2
1466,mislabeled,-2
1467,mislabeling,-2
1468,mislabelled,-2
1469,mislabels,-2
1470,mislead,-2
1471,misleading,-2
1472,misleadingly,-2
1473,misleads,-2
1474,misled,-2
1475,mismanage,-2
1476,mismanaged,-2
1477,mismanagement,-2
1478,mismanages,-2
1479,mismanaging,-2
1480,mismatch,-2
1481,mismatched,-2
1482,mismatches,-2
1483,mismatching,-2
1484,misplaced,-2
1485,misprice,-2
1486,mispricing,-2
1487,mispricings,-2
1488,misrepresent,-2
1489,misrepresentation,-2
1490,misrepresentations,-2
1491,misrepresented,-2
1492,misrepresenting,-2
1493,misrepresents,-2
1494,miss,-2
1495,missed,-2
1496,misses,-2
1497,misstate,-2
1498,misstated,-2
1499,misstatement,-2
1500,misstatements,-2
1501,misstates,-2
1502,misstating,-2
1503,misstep,-2
1504,missteps,-2
1505,mistake,-2
1506,mistaken,-2
1507,mistakenly,-2
1508,mistakes,-2
1509,mistaking,-2
1510,mistrial,-2
1511,mistrials,-2
1512,misunderstand,-2
1513,misunderstanding,-2
1514,misunderstandings,-2
1515,misunderstood,-2
1516,misuse,-2
1517,misused,-2
1518,misuses,-2
1519,misusing,-2
1520,monopolistic,-2
1521,monopolists,-2
1522,monopolization,-2
1523,monopolize,-2
1524,monopolized,-2
1525,monopolizes,-2
1526,monopolizing,-2
1527,monopoly,-2
1528,moratoria,-2
1529,moratorium,-2
1530,moratoriums,-2
1531,mothballed,-2
1532,mothballing,-2
1533,negative,-2
1534,negatively,-2
1535,negatives,-2
1536,neglect,-2
1537,neglected,-2
1538,neglectful,-2
1539,neglecting,-2
1540,neglects,-2
1541,negligence,-2
1542,negligences,-2
1543,negligent,-2
1544,negligently,-2
1545,nonattainment,-2
1546,noncompetitive,-2
1547,noncompliance,-2
1548,noncompliances,-2
1549,noncompliant,-2
1550,noncomplying,-2
1551,nonconforming,-2
1552,nonconformities,-2
1553,nonconformity,-2
1554,nondisclosure,-2
1555,nonfunctional,-2
1556,nonpayment,-2
1557,nonpayments,-2
1558,nonperformance,-2
1559,nonperformances,-2
1560,nonperforming,-2
1561,nonproducing,-2
1562,nonproductive,-2
1563,nonrecoverable,-2
1564,nonrenewal,-2
1565,nuisance,-2
1566,nuisances,-2
1567,nullification,-2
1568,nullifications,-2
1569,nullified,-2
1570,nullifies,-2
1571,nullify,-2
1572,nullifying,-2
1573,objected,-2
1574,objecting,-2
1575,objection,-2
1576,objectionable,-2
1577,objectionably,-2
1578,objections,-2
1579,obscene,-2
1580,obscenity,-2
1581,obsolescence,-2
1582,obsolete,-2
1583,obstacle,-2
1584,obstacles,-2
1585,obstruct,-2
1586,obstructed,-2
1587,obstructing,-2
1588,obstruction,-2
1589,obstructions,-2
1590,offence,-2
1591,offences,-2
1592,offend,-2
1593,offended,-2
1594,offender,-2
1595,offenders,-2
1596,offending,-2
1597,offends,-2
1598,omission,-2
1599,omissions,-2
1600,omit,-2
1601,omits,-2
1602,omitted,-2
1603,omitting,-2
1604,onerous,-2
1605,opportunistic,-2
1606,opportunistically,-2
1607,oppose,-2
1608,opposed,-2
1609,opposes,-2
1610,opposing,-2
1611,opposition,-2
1612,oppositions,-2
1613,outage,-2
1614,outages,-2
1615,outdated,-2
1616,outmoded,-2
1617,overage,-2
1618,overages,-2
1619,overbuild,-2
1620,overbuilding,-2
1621,overbuilds,-2
1622,overbuilt,-2
1623,overburden,-2
1624,overburdened,-2
1625,overburdening,-2
1626,overcapacities,-2
1627,overcapacity,-2
1628,overcharge,-2
1629,overcharged,-2
1630,overcharges,-2
1631,overcharging,-2
1632,overcome,-2
1633,overcomes,-2
1634,overcoming,-2
1635,overdue,-2
1636,overestimate,-2
1637,overestimated,-2
1638,overestimates,-2
1639,overestimating,-2
1640,overestimation,-2
1641,overestimations,-2
1642,overload,-2
1643,overloaded,-2
1644,overloading,-2
1645,overloads,-2
1646,overlook,-2
1647,overlooked,-2
1648,overlooking,-2
1649,overlooks,-2
1650,overpaid,-2
1651,overpayment,-2
1652,overpayments,-2
1653,overproduced,-2
1654,overproduces,-2
1655,overproducing,-2
1656,overproduction,-2
1657,overrun,-2
1658,overrunning,-2
1659,overruns,-2
1660,overshadow,-2
1661,overshadowed,-2
1662,overshadowing,-2
1663,overshadows,-2
1664,overstate,-2
1665,overstated,-2
1666,overstatement,-2
1667,overstatements,-2
1668,overstates,-2
1669,overstating,-2
1670,oversupplied,-2
1671,oversupplies,-2
1672,oversupply,-2
1673,oversupplying,-2
1674,overtly,-2
1675,overturn,-2
1676,overturned,-2
1677,overturning,-2
1678,overturns,-2
1679,overvalue,-2
1680,overvalued,-2
1681,overvaluing,-2
1682,panic,-2
1683,panics,-2
1684,penalize,-2
1685,penalized,-2
1686,penalizes,-2
1687,penalizing,-2
1688,penalties,-2
1689,penalty,-2
1690,peril,-2
1691,perils,-2
1692,perjury,-2
1693,perpetrate,-2
1694,perpetrated,-2
1695,perpetrates,-2
1696,perpetrating,-2
1697,perpetration,-2
1698,persist,-2
1699,persisted,-2
1700,persistence,-2
1701,persistent,-2
1702,persistently,-2
1703,persisting,-2
1704,persists,-2
1705,pervasive,-2
1706,pervasively,-2
1707,pervasiveness,-2
1708,petty,-2
1709,picket,-2
1710,picketed,-2
1711,picketing,-2
1712,plaintiff,-2
1713,plaintiffs,-2
1714,plea,-2
1715,plead,-2
1716,pleaded,-2
1717,pleading,-2
1718,pleadings,-2
1719,pleads,-2
1720,pleas,-2
1721,pled,-2
1722,poor,-2
1723,poorly,-2
1724,poses,-2
1725,posing,-2
1726,postpone,-2
1727,postponed,-2
1728,postponement,-2
1729,postponements,-2
1730,postpones,-2
1731,postponing,-2
1732,precipitated,-2
1733,precipitous,-2
1734,precipitously,-2
1735,preclude,-2
1736,precluded,-2
1737,precludes,-2
1738,precluding,-2
1739,predatory,-2
1740,prejudice,-2
1741,prejudiced,-2
1742,prejudices,-2
1743,prejudicial,-2
1744,prejudicing,-2
1745,premature,-2
1746,prematurely,-2
1747,pressing,-2
1748,pretrial,-2
1749,preventing,-2
1750,prevention,-2
1751,prevents,-2
1752,problem,-2
1753,problematic,-2
1754,problematical,-2
1755,problems,-2
1756,prolong,-2
1757,prolongation,-2
1758,prolongations,-2
1759,prolonged,-2
1760,prolonging,-2
1761,prolongs,-2
1762,prone,-2
1763,prosecute,-2
1764,prosecuted,-2
1765,prosecutes,-2
1766,prosecuting,-2
1767,prosecution,-2
1768,prosecutions,-2
1769,protest,-2
1770,protested,-2
1771,protester,-2
1772,protesters,-2
1773,protesting,-2
1774,protestor,-2
1775,protestors,-2
1776,protests,-2
1777,protracted,-2
1778,protraction,-2
1779,provoke,-2
1780,provoked,-2
1781,provokes,-2
1782,provoking,-2
1783,punished,-2
1784,punishes,-2
1785,punishing,-2
1786,punishment,-2
1787,punishments,-2
1788,punitive,-2
1789,purport,-2
1790,purported,-2
1791,purportedly,-2
1792,purporting,-2
1793,purports,-2
1794,question,-2
1795,questionable,-2
1796,questionably,-2
1797,questioned,-2
1798,questioning,-2
1799,questions,-2
1800,quit,-2
1801,quitting,-2
1802,racketeer,-2
1803,racketeering,-2
1804,rationalization,-2
1805,rationalizations,-2
1806,rationalize,-2
1807,rationalized,-2
1808,rationalizes,-2
1809,rationalizing,-2
1810,reassessment,-2
1811,reassessments,-2
1812,reassign,-2
1813,reassigned,-2
1814,reassigning,-2
1815,reassignment,-2
1816,reassignments,-2
1817,reassigns,-2
1818,recall,-2
1819,recalled,-2
1820,recalling,-2
1821,recalls,-2
1822,recession,-2
1823,recessionary,-2
1824,recessions,-2
1825,reckless,-2
1826,recklessly,-2
1827,recklessness,-2
1828,redact,-2
1829,redacted,-2
1830,redacting,-2
1831,redaction,-2
1832,redactions,-2
1833,redefault,-2
1834,redefaulted,-2
1835,redefaults,-2
1836,redress,-2
1837,redressed,-2
1838,redresses,-2
1839,redressing,-2
1840,refusal,-2
1841,refusals,-2
1842,refuse,-2
1843,refused,-2
1844,refuses,-2
1845,refusing,-2
1846,reject,-2
1847,rejected,-2
1848,rejecting,-2
1849,rejection,-2
1850,rejections,-2
1851,rejects,-2
1852,relinquish,-2
1853,relinquished,-2
1854,relinquishes,-2
1855,relinquishing,-2
1856,relinquishment,-2
1857,relinquishments,-2
1858,reluctance,-2
1859,reluctant,-2
1860,renegotiate,-2
1861,renegotiated,-2
1862,renegotiates,-2
1863,renegotiating,-2
1864,renegotiation,-2
1865,renegotiations,-2
1866,renounce,-2
1867,renounced,-2
1868,renouncement,-2
1869,renouncements,-2
1870,renounces,-2
1871,renouncing,-2
1872,reparation,-2
1873,reparations,-2
1874,repossessed,-2
1875,repossesses,-2
1876,repossessing,-2
1877,repossession,-2
1878,repossessions,-2
1879,repudiate,-2
1880,repudiated,-2
1881,repudiates,-2
1882,repudiating,-2
1883,repudiation,-2
1884,repudiations,-2
1885,resign,-2
1886,resignation,-2
1887,resignations,-2
1888,resigned,-2
1889,resigning,-2
1890,resigns,-2
1891,restate,-2
1892,restated,-2
1893,restatement,-2
1894,restatements,-2
1895,restates,-2
1896,restating,-2
1897,restructure,-2
1898,restructured,-2
1899,restructures,-2
1900,restructuring,-2
1901,restructurings,-2
1902,retaliate,-2
1903,retaliated,-2
1904,retaliates,-2
1905,retaliating,-2
1906,retaliation,-2
1907,retaliations,-2
1908,retaliatory,-2
1909,retribution,-2
1910,retributions,-2
1911,revocation,-2
1912,revocations,-2
1913,revoke,-2
1914,revoked,-2
1915,revokes,-2
1916,revoking,-2
1917,ridicule,-2
1918,ridiculed,-2
1919,ridicules,-2
1920,ridiculing,-2
1921,riskier,-2
1922,riskiest,-2
1923,risky,-2
1924,sabotage,-2
1925,sacrifice,-2
1926,sacrificed,-2
1927,sacrifices,-2
1928,sacrificial,-2
1929,sacrificing,-2
1930,scandalous,-2
1931,scandals,-2
1932,scrutinize,-2
1933,scrutinized,-2
1934,scrutinizes,-2
1935,scrutinizing,-2
1936,scrutiny,-2
1937,secrecy,-2
1938,seize,-2
1939,seized,-2
1940,seizes,-2
1941,seizing,-2
1942,sentenced,-2
1943,sentencing,-2
1944,serious,-2
1945,seriously,-2
1946,seriousness,-2
1947,setback,-2
1948,setbacks,-2
1949,sever,-2
1950,severe,-2
1951,severed,-2
1952,severely,-2
1953,severities,-2
1954,severity,-2
1955,sharply,-2
1956,shocked,-2
1957,shortage,-2
1958,shortages,-2
1959,shortfall,-2
1960,shortfalls,-2
1961,shrinkage,-2
1962,shrinkages,-2
1963,shut,-2
1964,shutdown,-2
1965,shutdowns,-2
1966,shuts,-2
1967,shutting,-2
1968,slander,-2
1969,slandered,-2
1970,slanderous,-2
1971,slanders,-2
1972,slippage,-2
1973,slippages,-2
1974,slow,-2
1975,slowdown,-2
1976,slowdowns,-2
1977,slowed,-2
1978,slower,-2
1979,slowest,-2
1980,slowing,-2
1981,slowly,-2
1982,slowness,-2
1983,sluggish,-2
1984,sluggishly,-2
1985,sluggishness,-2
1986,solvencies,-2
1987,solvency,-2
1988,spam,-2
1989,spammers,-2
1990,spamming,-2
1991,staggering,-2
1992,stagnant,-2
1993,stagnate,-2
1994,stagnated,-2
1995,stagnates,-2
1996,stagnating,-2
1997,stagnation,-2
1998,standstill,-2
1999,standstills,-2
2000,stolen,-2
2001,stoppage,-2
2002,stoppages,-2
2003,stopped,-2
2004,stopping,-2
2005,stops,-2
2006,strain,-2
2007,strained,-2
2008,straining,-2
2009,strains,-2
2010,stress,-2
2011,stressed,-2
2012,stresses,-2
2013,stressful,-2
2014,stressing,-2
2015,stringent,-2
2016,subjected,-2
2017,subjecting,-2
2018,subjection,-2
2019,subpoena,-2
2020,subpoenaed,-2
2021,subpoenas,-2
2022,substandard,-2
2023,sue,-2
2024,sued,-2
2025,sues,-2
2026,suffer,-2
2027,suffered,-2
2028,suffering,-2
2029,suffers,-2
2030,suing,-2
2031,summoned,-2
2032,summoning,-2
2033,summons,-2
2034,summonses,-2
2035,susceptibility,-2
2036,susceptible,-2
2037,suspect,-2
2038,suspected,-2
2039,suspects,-2
2040,suspend,-2
2041,suspended,-2
2042,suspending,-2
2043,suspends,-2
2044,suspension,-2
2045,suspensions,-2
2046,suspicion,-2
2047,suspicions,-2
2048,suspicious,-2
2049,suspiciously,-2
2050,taint,-2
2051,tainted,-2
2052,tainting,-2
2053,taints,-2
2054,tampered,-2
2055,tense,-2
2056,terminate,-2
2057,terminated,-2
2058,terminates,-2
2059,terminating,-2
2060,termination,-2
2061,terminations,-2
2062,testify,-2
2063,testifying,-2
2064,threat,-2
2065,threaten,-2
2066,threatened,-2
2067,threatening,-2
2068,threatens,-2
2069,threats,-2
2070,tightening,-2
2071,tolerate,-2
2072,tolerated,-2
2073,tolerates,-2
2074,tolerating,-2
2075,toleration,-2
2076,tortuous,-2
2077,tortuously,-2
2078,tragedies,-2
2079,tragedy,-2
2080,tragic,-2
2081,tragically,-2
2082,traumatic,-2
2083,trouble,-2
2084,troubled,-2
2085,troubles,-2
2086,turbulence,-2
2087,turmoil,-2
2088,unable,-2
2089,unacceptable,-2
2090,unacceptably,-2
2091,unaccounted,-2
2092,unannounced,-2
2093,unanticipated,-2
2094,unapproved,-2
2095,unattractive,-2
2096,unauthorized,-2
2097,unavailability,-2
2098,unavailable,-2
2099,unavoidable,-2
2100,unavoidably,-2
2101,unaware,-2
2102,uncollectable,-2
2103,uncollected,-2
2104,uncollectibility,-2
2105,uncollectible,-2
2106,uncollectibles,-2
2107,uncompetitive,-2
2108,uncompleted,-2
2109,unconscionable,-2
2110,unconscionably,-2
2111,uncontrollable,-2
2112,uncontrollably,-2
2113,uncontrolled,-2
2114,uncorrected,-2
2115,uncover,-2
2116,uncovered,-2
2117,uncovering,-2
2118,uncovers,-2
2119,undeliverable,-2
2120,undelivered,-2
2121,undercapitalized,-2
2122,undercut,-2
2123,undercuts,-2
2124,undercutting,-2
2125,underestimate,-2
2126,underestimated,-2
2127,underestimates,-2
2128,underestimating,-2
2129,underestimation,-2
2130,underfunded,-2
2131,underinsured,-2
2132,undermine,-2
2133,undermined,-2
2134,undermines,-2
2135,undermining,-2
2136,underpaid,-2
2137,underpayment,-2
2138,underpayments,-2
2139,underpays,-2
2140,underperform,-2
2141,underperformance,-2
2142,underperformed,-2
2143,underperforming,-2
2144,underperforms,-2
2145,underproduced,-2
2146,underproduction,-2
2147,underreporting,-2
2148,understate,-2
2149,understated,-2
2150,understatement,-2
2151,understatements,-2
2152,understates,-2
2153,understating,-2
2154,underutilization,-2
2155,underutilized,-2
2156,undesirable,-2
2157,undesired,-2
2158,undetected,-2
2159,undetermined,-2
2160,undisclosed,-2
2161,undocumented,-2
2162,undue,-2
2163,unduly,-2
2164,uneconomic,-2
2165,uneconomical,-2
2166,uneconomically,-2
2167,unemployed,-2
2168,unemployment,-2
2169,unethical,-2
2170,unethically,-2
2171,unexcused,-2
2172,unexpected,-2
2173,unexpectedly,-2
2174,unfair,-2
2175,unfairly,-2
2176,unfavorability,-2
2177,unfavorable,-2
2178,unfavorably,-2
2179,unfavourable,-2
2180,unfeasible,-2
2181,unfit,-2
2182,unfitness,-2
2183,unforeseeable,-2
2184,unforeseen,-2
2185,unforseen,-2
2186,unfortunate,-2
2187,unfortunately,-2
2188,unfounded,-2
2189,unfriendly,-2
2190,unfulfilled,-2
2191,unfunded,-2
2192,uninsured,-2
2193,unintended,-2
2194,unintentional,-2
2195,unintentionally,-2
2196,unjust,-2
2197,unjustifiable,-2
2198,unjustifiably,-2
2199,unjustified,-2
2200,unjustly,-2
2201,unknowing,-2
2202,unknowingly,-2
2203,unlawful,-2
2204,unlawfully,-2
2205,unlicensed,-2
2206,unliquidated,-2
2207,unmarketable,-2
2208,unmerchantable,-2
2209,unmeritorious,-2
2210,unnecessarily,-2
2211,unnecessary,-2
2212,unneeded,-2
2213,unobtainable,-2
2214,unoccupied,-2
2215,unpaid,-2
2216,unperformed,-2
2217,unplanned,-2
2218,unpopular,-2
2219,unpredictability,-2
2220,unpredictable,-2
2221,unpredictably,-2
2222,unpredicted,-2
2223,unproductive,-2
2224,unprofitability,-2
2225,unprofitable,-2
2226,unqualified,-2
2227,unrealistic,-2
2228,unreasonable,-2
2229,unreasonableness,-2
2230,unreasonably,-2
2231,unreceptive,-2
2232,unrecoverable,-2
2233,unrecovered,-2
2234,unreimbursed,-2
2235,unreliable,-2
2236,unremedied,-2
2237,unreported,-2
2238,unresolved,-2
2239,unrest,-2
2240,unsafe,-2
2241,unsalable,-2
2242,unsaleable,-2
2243,unsatisfactory,-2
2244,unsatisfied,-2
2245,unsavory,-2
2246,unscheduled,-2
2247,unsellable,-2
2248,unsold,-2
2249,unsound,-2
2250,unstabilized,-2
2251,unstable,-2
2252,unsubstantiated,-2
2253,unsuccessful,-2
2254,unsuccessfully,-2
2255,unsuitability,-2
2256,unsuitable,-2
2257,unsuitably,-2
2258,unsuited,-2
2259,unsure,-2
2260,unsuspected,-2
2261,unsuspecting,-2
2262,unsustainable,-2
2263,untenable,-2
2264,untimely,-2
2265,untrusted,-2
2266,untruth,-2
2267,untruthful,-2
2268,untruthfully,-2
2269,untruthfulness,-2
2270,untruths,-2
2271,unusable,-2
2272,unwanted,-2
2273,unwarranted,-2
2274,unwelcome,-2
2275,unwilling,-2
2276,unwillingness,-2
2277,upset,-2
2278,urgency,-2
2279,urgent,-2
2280,usurious,-2
2281,usurp,-2
2282,usurped,-2
2283,usurping,-2
2284,usurps,-2
2285,usury,-2
2286,vandalism,-2
2287,verdict,-2
2288,verdicts,-2
2289,vetoed,-2
2290,victims,-2
2291,violate,-2
2292,violated,-2
2293,violates,-2
2294,violating,-2
2295,violation,-2
2296,violations,-2
2297,violative,-2
2298,violator,-2
2299,violators,-2
2300,violence,-2
2301,violent,-2
2302,violently,-2
2303,vitiate,-2
2304,vitiated,-2
2305,vitiates,-2
2306,vitiating,-2
2307,vitiation,-2
2308,voided,-2
2309,voiding,-2
2310,volatile,-2
2311,volatility,-2
2312,vulnerabilities,-2
2313,vulnerability,-2
2314,vulnerable,-2
2315,vulnerably,-2
2316,warn,-2
2317,warned,-2
2318,warning,-2
2319,warnings,-2
2320,warns,-2
2321,wasted,-2
2322,wasteful,-2
2323,wasting,-2
2324,weak,-2
2325,weaken,-2
2326,weakened,-2
2327,weakening,-2
2328,weakens,-2
2329,weaker,-2
2330,weakest,-2
2331,weakly,-2
2332,weakness,-2
2333,weaknesses,-2
2334,willfully,-2
2335,worries,-2
2336,worry,-2
2337,worrying,-2
2338,worse,-2
2339,worsen,-2
2340,worsened,-2
2341,worsening,-2
2342,worsens,-2
2343,worst,-2
2344,worthless,-2
2345,writedown,-2
2346,writedowns,-2
2347,writeoff,-2
2348,writeoffs,-2
2349,wrong,-2
2350,wrongdoing,-2
2351,wrongdoings,-2
2352,wrongful,-2
2353,wrongfully,-2
2354,wrongly,-2
