Ticker,Headline
QCOM,RF chipmakers shares rebound as Qualcomm entry concerns ease
QCOM,Veoneer to Hold Talks With Qualcomm on $4.6 Billion Bid
QCOM,Qualcomm Bids $4.6 Billion for Veoneer in Bid to Trump Magna Deal — Update
QCOM,Qualcomm Bids $4.6 Billion for Veoneer in Bid to Trump Magna Deal
QCOM,Veoneer stock soars after Qualcomm announces buyout bid that tops Magna's offer by 18%
QCOM,Qualcomm Offers to Acquire Veoneer for $37 per Share in Cash
QCOM,"Qualcomm earnings more than double, stock heads higher"
QCOM,"Qualcomm rejects Broadcom's $121 billion bid, but agrees to talkMike Snider"
QCOM,Broadcom's higher bid for Qualcomm would put one chip company in many smartphonesMike Snider
QCOM,Qualcomm spurns Broadcom's $103 billion takeover proposalMike Snider
QCOM,Qualcomm shares fall on news of FTC probeKevin McCoy
QCOM,Tech Five: Qualcomm shares diveBrett Molina
QCOM,"Qualcomm Inc. stock rises Friday, outperforms market"
QCOM,"QUALCOMM Incorporated (NASDAQ:QCOM) Looks Interesting, And It's About To Pay A Dividend"
QCOM,QUALCOMM (NASDAQ:QCOM) Looks up to 5G and a New Acquisition to Lift the Stock
QCOM,Qualcomm (QCOM) Down 5.7% Since Last Earnings Report: Can It Rebound?
QCOM,"A Big Fund Scooped Up AT&T, Gilead, and Qualcomm Stock. It Sold Verizon."
QCOM,Google will abandon Qualcomm and build its own smartphone processors this year
QCOM,Here is Why Growth Investors Should Buy Qualcomm (QCOM) Now
QCOM,Qualcomm (QCOM) Down 5.7% Since Last Earnings Report: Can It Rebound?
QCOM,Qualcomm (QCOM) Unveils World's First 5G Capable Drone Platform
QCOM,Why QUALCOMM (QCOM) Could Be an Impressive Growth Stock
QCOM,"Top Analyst Reports for Facebook, QUALCOMM & United Parcel Service"
GE,GE to freeze U.K. pension plans
GE,GE to freeze U.K. pension plans
GE,GE to freeze U.K. pension plans
GE,UPDATE 1-GE to freeze U.K. pension plans
GE,Breakingviews - The Exchange: The old GE is gone and that’s ok
GE,AerCap to acquire GE's aircraft-leasing unit
GE,Long-suffering GE shareholders flex muscle on pay
GE,French EDF set to buy GE's nuclear turbines business - La Tribune
GE,GE aims to freeze UK pension plans
GE,GE shareholders reject CEO Culp's $230 million pay in rare rebuke
GE,10 mini fridges to buy for college apartments and dormsSamantha Mangino
GE,"Shop huge discounts on air purifiers from Amazon, QVC, Walmart and moreChristine Persaud and Elsie Boskamp"
GE,The GE Profile Opal ice maker is $100 off for Prime Day 2021Mark Brezinski
GE,Does GE’s $8 stained glass bulb live up to its TikTok fame?
GE,A rare miss from GE's upmarket appliance label
GE,The Home Depot 4th of July sale is one of the biggest we've seen yet—shop all the best dealsJon Winkler
GE,"Folger Nolan Fleming Douglas Capital Management, I Buys NVIDIA Corp, Graham Holdings Co, ..."
GE,GE (GE) Down 0.3% Since Last Earnings Report: Can It Rebound?
GE,Why GE Stock Has Underperformed Recently
GE,"Brandywine Trust Co Buys UiPath Inc, Sells CrowdStrike Holdings Inc, General Electric Co"
GE,"Capital Advantage, Inc. Buys ProShares Investment Grade-Interest Rate Hedged, BTC BlackRock ..."
GE,The world's biggest food company says prices are going even higher
PLTR,Palantir stock sees worst day since going public
PLTR,Palantir value pegged at $15.8 billion ahead of long-awaited NYSE debut
PLTR,FFIE Stock: The Palantir Connection Giving Faraday Future Shares a Charge Today
PLTR,Palantir Stock Will Stay Strong Until the Markets Get Volatile
PLTR,"Old Point Trust & Financial Services N A Buys Palantir Technologies Inc, Dominion Energy ..."
PLTR,"Pantheon Investment Group, LLC Buys Palantir Technologies Inc, Emerson Electric Co, Las Vegas ..."
PLTR,"Cresset Asset Management, LLC Buys Palantir Technologies Inc, Vanguard Small Cap Value ETF, ..."
PLTR,"Founders Fund II Management, LLC Buys Sprinklr Inc, Sells Palantir Technologies Inc"
PLTR,Where Will Palantir Be in 5 Years?
PLTR,Is Palantir Stock a Buy?
PLTR,"Connors Investor Services Inc Buys Palantir Technologies Inc, DoorDash Inc, General Motors Co, ..."
PLTR,Why Is Everyone Talking About Palantir Stock?
