,Recent headlines and conversations for INTC,Polarity
0,"Intel Corp. stock rises Friday, outperforms market",0.4987
1,Intel Unleashed event next week could include product roadmap update,0.1753
2,Intel (INTC) Outpaces Stock Market Gains: What You Should Know,0.5973
3,"Thinking about trading options or stock in General Electric, T. Rowe Price, American Airlines, Intel Corp, or Paypal?",0.7232
4,"UPDATE 1-Swiss hacker indicted after claiming credit for breaching Nissan, Intel",-0.5157
5,"Intel, EXOS Pilot 3D Athlete Tracking with Pro Football Hopefuls",0.6587
6,Is It Too Late To Buy Intel Stock?,0.114
7,Intel's cost cuts could give rivals higher ground: analysts,-0.1882
8,INTC vs. TXN: Which Stock Is the Better Value Option?,0.7185
9,Tech Five: Intel kicks off big earnings weekBrett Molina,0.2203
10,BUZZ-Intel: Weak forecast drags chipmaker in the red; eyes worst day in 6 months,-0.8774
11,AMD is big winner from chip flaw fiasco as Intel stock value tanksTae Kim,0.7046
12,Intel To Fire Back At AMD & Their Growing Server Market Share With The Ice Lake Processors,0.0234
13,"Tech Five: Intel, Twitter rise while Finisar stumblesWendy Koch",0.2193
14,"Micron Gives Up on Intel-Championed Memory, to Sell Factory",0.2045
15,"Introducing 11th Gen Intel Core: Unmatched Overclocking, Game Performance",0.0531
16,Intel (INTC) Dips More Than Broader Markets: What You Should Know,0.0436
17,Is Intel (INTC) Stock Undervalued Right Now?,0.2031
18,"Intel Taps Justin Long, Who Played Mac in Long-Running Apple Ads, to Promote PCs",0.8468
19,"Intel (INTC) Hits 52-Week High, Can the Run Continue?",0.4107
20,Intel tells companies to stop installing patch for security flaw as earnings loomElizabeth Weise,-0.0816
21,"Intel Corporation (NASDAQ: INTC), which is plotting its return to the dominant position in the chip industry, is hosting an event titled ""Intel Unleashed: Engineering the Future"" from 5-6 p.m.&n",0.768
22,Intel Declares Quarterly Cash Dividend,0.0346
23,Intel chip design flaw that could let hackers access passwords prompts industrywide updatesElizabeth Weise,0.1234
24,Intel Study: Transparency and Security Assurance Drive Preference,0.8086
25,Media Alert: Intel at SecurityWeek Supply Chain Security Summit,0.5185
26,What Intel Investors Should Know About Chipmaker's Upcoming 'Unleashed' Event,0.6087
27,"Thinking about buying stock in AstraZeneca, Pfizer, Surface Oncology, Intel Corp, or Charles Schwab?",0.7248
28,Intel to Collaborate with Microsoft on DARPA Program,0.3377
29,Micron drops memory tech that Intel sold off two years ago,-0.0475
