,Recent headlines and conversations for JNJ,Polarity
0,"New investor? Here are 3 great starter stocks: Amazon, Disney, Johnson & JohnsonLeo Sun",0.779
1,Johnson & Johnson (JNJ) Stock Moves -0.06%: What You Should Know,-0.0347
2,"Johnson & Johnson pauses COVID-19 vaccine trial after unexplained illness, the second US trial now on holdElizabeth Weise and Karen Weintraub",0.8846
3,Canada to not distribute JNJ COVID-19 vaccines until quality checks complete,-0.0885
4,Why Is Johnson & Johnson (JNJ) Up 2.1% Since Last Earnings Report?,0.0484
5,"Johnson & Johnson, AT&T, Innovative Industrial: Dividend stocks that can generate monthly incomeDavid Jagielski",0.0427
6,"Eli Lilly and Johnson & Johnson have paused COVID-19 vaccine trials. Why experts say that's reassuring, not frighteningKaren Weintraub and Elizabeth Weise",0.7837
7,"Biden to meet on with CEOs of JNJ, Merck at White House on Wednesday -official",-0.0866
8,JNJ wins positive opinion in Europe for expanded use of DARZALEX,0.7982
9,REFILE-JNJ COVID-19 vaccine delayed by U.S. manufacturing issues -NYT,0.3919
10,Johnson & Johnson: A Cornerstone Investment,-0.0947
11,"Trump suggests Pfizer could win U.S. COVID-19 vaccine approval, JNJ to come later",0.9107
12,"PineBridge Investments, L.P. Buys Johnson & Johnson, iShares MSCI Mexico ETF, iShares 1-3 ...",-0.5219
13,BRIEF-Janssen's BCMA CAR-T Therapy JNJ-4528 Showed Early Responses In Heavily Pretreated Patients With Multiple Myeloma,0.5763
14,BRIEF-Illinois State Treasurer's Office Urges JNJ Shareholders To Vote For Two Proposals,0.5535
15,"DCM Advisors, LLC Buys Alphabet Inc, Abbott Laboratories, Johnson & Johnson, Sells Arthur J. ...",-0.1905
16,"'Game changer' single-dose vaccine from Johnson & Johnson is safe and 66% effective, company saysKaren Weintraub",0.9114
17,"Biden to meet on with CEOs of JNJ, Merck at White House on Wednesday: official",-0.0866
18,JNJ targets COVID-19 late-stage trial results by January,0.6427
19,Here's How Much You Could Be Making From Johnson & Johnson's Dividend 5 Years From Now,0.0521
20,"Sphera Funds Management Ltd. Buys Sanofi SA, AbbVie Inc, Johnson & Johnson, Sells Novartis ...",0.3008
21,"Meiji Yasuda Asset Management Co Ltd. Buys Apple Inc, Johnson & Johnson, Procter & ...",0.3405
22,Is It Too Late to Buy Johnson & Johnson Stock?,-0.3065
23,"Foundry Partners, LLC Buys Johnson & Johnson, 3M Co, Allstate Corp, Sells Pfizer Inc, ...",-0.0659
24,This is Why Johnson & Johnson (JNJ) is a Great Dividend Stock,0.604
25,The Biggest Loser With Johnson & Johnson's COVID Vaccine Manufacturing Woes,-0.2609
26,"Sanders Capital, LLC Buys Facebook Inc, Johnson & Johnson, Unilever PLC, Sells Verizon ...",-0.3133
27,Johnson & Johnson (JNJ) Gains As Market Dips: What You Should Know,0.1493
28,"Sheaff Brock Investment Advisors, LLC Buys Corning Inc, Johnson & Johnson, Dow Inc, Sells ...",0.1807
29,Why Do Baby Boomers Love Johnson & Johnson?,0.5831
30,Johnson & Johnson (JNJ) Dips More Than Broader Markets: What You Should Know,-0.3659
31,Emergent Bio receives modified task order for expansion of JNJ's COVID-19 vaccine,0.9479
32,J&J's (JNJ) Pharma Unit & COVID-19 Vaccine Key to 2021 Growth,0.913
33,"Johnson & Johnson, Roche and Novartis Top in Pharma Sales",0.1755
34,When Will Johnson & Johnson Start to Profit From Its COVID Vaccine?,0.7721
35,BRIEF-Genscript Biotech Updates On Phase 1B/2 Cartitude-1 Study Evaluating JNJ-68284528,0.4886
36,"The Zacks Analyst Blog Highlights: Johnson & Johnson, NIKE, Morgan Stanley, Deere & Co and ViacomCBS",-0.0848
37,"Top Analyst Reports for Johnson & Johnson, Nike & Morgan Stanley",0.1135
38,Johnson & Johnson (JNJ) is a Top Dividend Stock Right Now: Should You Buy?,0.3594
39,J&J (JNJ) Gets Full Charge of Emergent COVID-19 Vaccine Plant,0.8203
40,BRIEF-Medivir: Janssen discontinues development of JNJ-4178 for hepatitis C,0.3125
41,J&J (JNJ) Outperforms the Industry Year to Date: Here's Why,0.5111
42,Why Johnson & Johnson Is a Dividend Investor's Dream,-0.0008
43,J&J's (JNJ) Multiple Sclerosis Drug Ponesimod Gets FDA Nod,0.6471
44,Johnson & Johnson (JNJ) Gains But Lags Market: What You Should Know,-0.2768
45,J&J (JNJ) COVID-19 Vaccine Gets WHO's Emergency Listing,0.5363
46,Is Johnson & Johnson's COVID Vaccine Actually Better Than Pfizer's and Moderna's Vaccines?,0.8295
47,J&J (JNJ) COVID-19 Vaccine Gets Conditional Approval in Europe,0.8414
