,Recent headlines and conversations for TGT,Polarity
0,TGT vs. ROST: Which Stock Should Value Investors Buy Now?,0.6603
1,"Soco raises output at Vietnam TGT field to 55,000 bpd",0.1525
2,"'Halftime Report' Traders Share Their Thoughts On Target, Home Depot And More",0.5868
3,Target vs. BJ Wholesale: Which Retail Stock is a Better Buy?,0.7654
4,Strength Seen in Target (TGT): Can Its 6.1% Jump Turn into More Strength?,0.7928
5,Not by the bunch: Bananas sold 'by the each' at TargetAleanna Siacon,0.1068
6,What 18 Analyst Ratings Have To Say About Target,0.129
7,"Within the last quarter, Target (NYSE:TGT) has observed the following analyst ratings: Last 30 Days 1 Month Ago 2 Months Ago",0.0262
8,"7 Companies Jumping on the $15 Minimum Wage Train: UA, CMG, AMZN, TGT, COST, BAC, BBY",0.1219
9,Target's 1st-Quarter Earnings & Revenue Smash Estimates,0.0487
10,"Target, Lowe's Beat in Q1 on Heavy Selling in Early Market",-0.2615
11,"Amazon will buy Target in 2018, influential tech analyst Gene Munster predictsTae Kim",0.7936
12,3 Reasons Target Just Crushed Earnings Estimates Again,-0.3028
13,BRIEF-Esposito Securities Provides Initial Seed Capital For Successful Launch Of The CBOE Vest S&P 500 Dividend Aristocrats Target Income ETF (KNG),0.647
14,"Zacks.com featured highlights include: Boyd Gaming, Santander Consumer USA, Triton International, Target and HP",0.4726
15,Here's how Target might be outflanking Amazon â€“ even in a digital ageDanny Vena,0.0861
16,Analyst Ratings for Target,0.027
17,Asia-Pacific Crude-TGT slips to 6-month low,-0.2773
18,How Target Captured $10 Billion of Market Share in 1 Year,0.1564
19,"Amazon, Target and more: Here are the companies committed to $15 hourly minimum wageDaniel B. Kline",-0.1106
20,How Target Made Itself Amazon-Proof,-0.1531
21,Target (TGT) Q1 2021 Earnings Call Transcript,0.5608
22,Target and Cisco Tell a Tale of 2 Stock Markets,0.0716
23,"Target's (TGT) Q1 Earnings Top, Comparable Sales Increase Y/Y",0.7669
24,Target (NYSE:TGT) has observed the following analyst ratings within the last quarter: Last 30 Days 1 Month Ago 2 Months Ago,0.0262
25,Target's Strategy Pays Off in First Quarter,-0.0189
26,"Buy DG Stock Before Q1 Earnings After Target, Walmart Impress?",0.7322
